{
  "generatedBy": "Microsoft.NET.Sdk.Functions-3.0.5",
  "configurationSource": "attributes",
  "bindings": [
    {
      "type": "httpTrigger",
      "route": "v1/company/{companyCode}/store/{storeCode}/terminal/{terminalCode}/stocks",
      "methods": [
        "post"
      ],
      "authLevel": "function",
      "name": "req"
    }
  ],
  "disabled": false,
  "scriptFile": "../bin/ClientService.BoxAdminBff.dll",
  "entryPoint": "ClientService.BoxAdminBff.StockFunction.StocksByTerminal"
}