{
  "IsEncrypted": false,
  "Values": {
    "FUNCTIONS_WORKER_RUNTIME": "dotnet",
    "AzureWebJobsStorage": "UseDevelopmentStorage=true",
    "CosmosDBConnection": "AccountEndpoint=https://localhost:8081;AccountKey=C2y6yDjf5/R+ob0N8A7Cgv30VRDJIWEHLM+4QDU5DE2nQ9nDuVTqobD4b8mGGyPMbIZnqyMsEcaGQy67XIw/Jw==;",
    "SqlConnection": "Server=(localdb)\\mssqllocaldb;Database=StockBackend;Trusted_Connection=True;MultipleActiveResultSets=true",
    "SignalRConnection": "Endpoint=https://***.service.signalr.net;AccessKey=***;Version=1.0;"
  }
}