{
  "generatedBy": "Microsoft.NET.Sdk.Functions-1.0.29",
  "configurationSource": "attributes",
  "bindings": [
    {
      "type": "httpTrigger",
      "route": "v1/company/{companyCode}/store/{storeCode}/terminal/{terminalCode}/query",
      "methods": [
        "post"
      ],
      "authLevel": "function",
      "name": "req"
    }
  ],
  "disabled": false,
  "scriptFile": "../bin/StockService.StockQuery.dll",
  "entryPoint": "StockService.StockQuery.QueryFunction.QueryByTerminal"
}