{
  "generatedBy": "Microsoft.NET.Sdk.Functions-3.0.3",
  "configurationSource": "attributes",
  "bindings": [
    {
      "type": "cosmosDBTrigger",
      "connectionStringSetting": "CosmosDBConnection",
      "leaseCollectionName": "leases",
      "leaseDatabaseName": "StockBackend",
      "leasesCollectionThroughput": 400,
      "createLeaseCollectionIfNotExists": true,
      "feedPollDelay": 500,
      "collectionName": "StockTransaction",
      "databaseName": "StockBackend",
      "startFromBeginning": false,
      "useMultipleWriteLocations": false,
      "useDefaultJsonSerialization": false,
      "name": "input"
    }
  ],
  "disabled": false,
  "scriptFile": "../bin/StockService.StockProcessor.dll",
  "entryPoint": "StockService.StockProcessor.ChangeFeedFunction.Run"
}